"","V1","V2","V3","V4","V5","V6","V7","V8","V9","V10","V11","V12","V13","V14","V15","V16","V17","V18","V19","V20","V21","V22","V23","V24","V25","V26","V27","V28","V29","V30","V31","V32","V33","V34","V35","V36","V37","V38","V39","V40","V41","V42","V43","V44","V45","V46","V47","V48","V49","V50","V51","V52","V53","V54","V55","V56","V57","V58","V59","V60","V61","V62","V63","V64","V65","V66","V67","V68","V69","V70","V71","V72","V73","V74","V75","V76","V77","V78","V79","V80","V81","V82","V83","V84","V85","V86","V87","V88","V89","V90","V91","V92","V93","V94","V95","V96","V97","V98","V99","V100"
"1",11,11,11,11,9,9,9,9,10,10,10,10,9.01590442657471,9.01590442657471,9.01590442657471,9,9,9,9,7.01590442657471,7.01590442657471,7.01590442657471,7.01590442657471,6,6,6,6,0,0,0,0,0,0,0,0,9,9,9,9.01590442657471,9.01590442657471,9.01590442657471,9.01590442657471,15,15,15,15,13,13,13,13,9.12723731994629,9.12723731994629,9.12723731994629,9.12723731994629,9.13382530212402,9.13382530212402,9.13382530212402,9.13382530212402,9.14041233062744,9.14041233062744,9.14041233062744,9.14041233062744,9.14700031280518,9.14700031280518,9.14700031280518,9.15358829498291,9.15358829498291,9.15358829498291,9.15358829498291,9.16017627716064,9.16017627716064,9.16017627716064,9.16017627716064,9.16676425933838,9.16676425933838,9.16676425933838,9.16676425933838,9.17335224151611,9.17335224151611,9.17335224151611,9.17335224151611,9.18925666809082,9.18925666809082,9.18925666809082,9.18925666809082,10,10,10,10.0159044265747,10.0159044265747,10.0159044265747,10.0159044265747,12,12,12,12,17,17,17,17
"2",11,11,11,11,9,9,9,9,10,10,10,10,9.01590442657471,9.01590442657471,9.01590442657471,9,9,9,9,7.01590442657471,7.01590442657471,7.01590442657471,7.01590442657471,6,6,6,6,0,0,0,0,0,0,0,0,9,9,9,9.01590442657471,9.01590442657471,9.01590442657471,9.01590442657471,15,15,15,15,13,13,13,13,9.12723731994629,9.12723731994629,9.12723731994629,9.12723731994629,9.13382530212402,9.13382530212402,9.13382530212402,9.13382530212402,9.14041233062744,9.14041233062744,9.14041233062744,9.14041233062744,9.14700031280518,9.14700031280518,9.14700031280518,9.15358829498291,9.15358829498291,9.15358829498291,9.15358829498291,9.16017627716064,9.16017627716064,9.16017627716064,9.16017627716064,9.16676425933838,9.16676425933838,9.16676425933838,9.16676425933838,9.17335224151611,9.17335224151611,9.17335224151611,9.17335224151611,9.18925666809082,9.18925666809082,9.18925666809082,9.18925666809082,10,10,10,10.0159044265747,10.0159044265747,10.0159044265747,10.0159044265747,12,12,12,12,17,17,17,17
"3",11,11,11,11,9,9,9,9,10,10,10,10,9.01590442657471,9.01590442657471,9.01590442657471,9,9,9,9,7.01590442657471,7.01590442657471,7.01590442657471,7.01590442657471,6,6,6,6,0,0,0,0,0,0,0,0,9,9,9,9.01590442657471,9.01590442657471,9.01590442657471,9.01590442657471,15,15,15,15,13,13,13,13,9.12723731994629,9.12723731994629,9.12723731994629,9.12723731994629,9.13382530212402,9.13382530212402,9.13382530212402,9.13382530212402,9.14041233062744,9.14041233062744,9.14041233062744,9.14041233062744,9.14700031280518,9.14700031280518,9.14700031280518,9.15358829498291,9.15358829498291,9.15358829498291,9.15358829498291,9.16017627716064,9.16017627716064,9.16017627716064,9.16017627716064,9.16676425933838,9.16676425933838,9.16676425933838,9.16676425933838,9.17335224151611,9.17335224151611,9.17335224151611,9.17335224151611,9.18925666809082,9.18925666809082,9.18925666809082,9.18925666809082,10,10,10,10.0159044265747,10.0159044265747,10.0159044265747,10.0159044265747,12,12,12,12,17,17,17,17
"4",11,11,11,11,9,9,9,9,10,10,10,10,9.01590442657471,9.01590442657471,9.01590442657471,9,9,9,9,7.01590442657471,7.01590442657471,7.01590442657471,7.01590442657471,6,6,6,6,0,0,0,0,0,0,0,0,9,9,9,9.01590442657471,9.01590442657471,9.01590442657471,9.01590442657471,15,15,15,15,13,13,13,13,9.12723731994629,9.12723731994629,9.12723731994629,9.12723731994629,9.13382530212402,9.13382530212402,9.13382530212402,9.13382530212402,9.14041233062744,9.14041233062744,9.14041233062744,9.14041233062744,9.14700031280518,9.14700031280518,9.14700031280518,9.15358829498291,9.15358829498291,9.15358829498291,9.15358829498291,9.16017627716064,9.16017627716064,9.16017627716064,9.16017627716064,9.16676425933838,9.16676425933838,9.16676425933838,9.16676425933838,9.17335224151611,9.17335224151611,9.17335224151611,9.17335224151611,9.18925666809082,9.18925666809082,9.18925666809082,9.18925666809082,10,10,10,10.0159044265747,10.0159044265747,10.0159044265747,10.0159044265747,12,12,12,12,17,17,17,17
"5",10,10,10,10,11,11,11,11,11,11,11,11,12,12,12,11,11,11,11,7.01590442657471,7.01590442657471,7.01590442657471,7.01590442657471,6,6,6,6,0,0,0,0,0,0,0,0,10,10,10,10,10,10,10,13,13,13,13,10,10,10,10,10,10,10,10,9.14972972869873,9.14972972869873,9.14972972869873,9.14972972869873,9.15631771087646,9.15631771087646,9.15631771087646,9.15631771087646,9.1629056930542,9.1629056930542,9.1629056930542,9.16949272155762,9.16949272155762,9.16949272155762,9.16949272155762,9.17608070373535,9.17608070373535,9.17608070373535,9.17608070373535,9.18266868591309,9.18266868591309,9.18266868591309,9.18266868591309,9.18925666809082,9.18925666809082,9.18925666809082,9.18925666809082,9.19584465026855,9.19584465026855,9.19584465026855,9.19584465026855,12,12,12,11,11,11,11,12,12,12,12,11.0159044265747,11.0159044265747,11.0159044265747,11.0159044265747
"6",10,10,10,10,11,11,11,11,11,11,11,11,12,12,12,11,11,11,11,7.01590442657471,7.01590442657471,7.01590442657471,7.01590442657471,6,6,6,6,0,0,0,0,0,0,0,0,10,10,10,10,10,10,10,13,13,13,13,10,10,10,10,10,10,10,10,9.14972972869873,9.14972972869873,9.14972972869873,9.14972972869873,9.15631771087646,9.15631771087646,9.15631771087646,9.15631771087646,9.1629056930542,9.1629056930542,9.1629056930542,9.16949272155762,9.16949272155762,9.16949272155762,9.16949272155762,9.17608070373535,9.17608070373535,9.17608070373535,9.17608070373535,9.18266868591309,9.18266868591309,9.18266868591309,9.18266868591309,9.18925666809082,9.18925666809082,9.18925666809082,9.18925666809082,9.19584465026855,9.19584465026855,9.19584465026855,9.19584465026855,12,12,12,11,11,11,11,12,12,12,12,11.0159044265747,11.0159044265747,11.0159044265747,11.0159044265747
"7",10,10,10,10,11,11,11,11,11,11,11,11,12,12,12,11,11,11,11,7.01590442657471,7.01590442657471,7.01590442657471,7.01590442657471,6,6,6,6,0,0,0,0,0,0,0,0,10,10,10,10,10,10,10,13,13,13,13,10,10,10,10,10,10,10,10,9.14972972869873,9.14972972869873,9.14972972869873,9.14972972869873,9.15631771087646,9.15631771087646,9.15631771087646,9.15631771087646,9.1629056930542,9.1629056930542,9.1629056930542,9.16949272155762,9.16949272155762,9.16949272155762,9.16949272155762,9.17608070373535,9.17608070373535,9.17608070373535,9.17608070373535,9.18266868591309,9.18266868591309,9.18266868591309,9.18266868591309,9.18925666809082,9.18925666809082,9.18925666809082,9.18925666809082,9.19584465026855,9.19584465026855,9.19584465026855,9.19584465026855,12,12,12,11,11,11,11,12,12,12,12,11.0159044265747,11.0159044265747,11.0159044265747,11.0159044265747
"8",10,10,10,10,11,11,11,11,11,11,11,11,12,12,12,11,11,11,11,7.01590442657471,7.01590442657471,7.01590442657471,7.01590442657471,6,6,6,6,0,0,0,0,0,0,0,0,10,10,10,10,10,10,10,13,13,13,13,10,10,10,10,10,10,10,10,9.14972972869873,9.14972972869873,9.14972972869873,9.14972972869873,9.15631771087646,9.15631771087646,9.15631771087646,9.15631771087646,9.1629056930542,9.1629056930542,9.1629056930542,9.16949272155762,9.16949272155762,9.16949272155762,9.16949272155762,9.17608070373535,9.17608070373535,9.17608070373535,9.17608070373535,9.18266868591309,9.18266868591309,9.18266868591309,9.18266868591309,9.18925666809082,9.18925666809082,9.18925666809082,9.18925666809082,9.19584465026855,9.19584465026855,9.19584465026855,9.19584465026855,12,12,12,11,11,11,11,12,12,12,12,11.0159044265747,11.0159044265747,11.0159044265747,11.0159044265747
"9",13,13,13,13,13,13,13,13,12,12,12,12,10.0159044265747,10.0159044265747,10.0159044265747,10,10,10,10,8,8,8,8,6,6,6,6,0,0,0,0,0,0,0,0,8,8,8,8.01590442657471,8.01590442657471,8.01590442657471,8.01590442657471,12,12,12,12,13,13,13,13,10,10,10,10,9.16563415527344,9.16563415527344,9.16563415527344,9.16563415527344,9.17222213745117,9.17222213745117,9.17222213745117,9.17222213745117,9.17881011962891,9.17881011962891,9.17881011962891,9.18539810180664,9.18539810180664,9.18539810180664,9.18539810180664,9.19198608398438,9.19198608398438,9.19198608398438,9.19198608398438,9.19857406616211,9.19857406616211,9.19857406616211,9.19857406616211,9.20516109466553,9.20516109466553,9.20516109466553,9.20516109466553,9.21174907684326,9.21174907684326,9.21174907684326,9.21174907684326,10,10,10,9,9,9,9,11,11,11,11,11,11,11,11
"10",13,13,13,13,13,13,13,13,12,12,12,12,10.0159044265747,10.0159044265747,10.0159044265747,10,10,10,10,8,8,8,8,6,6,6,6,0,0,0,0,0,0,0,0,8,8,8,8.01590442657471,8.01590442657471,8.01590442657471,8.01590442657471,12,12,12,12,13,13,13,13,10,10,10,10,9.16563415527344,9.16563415527344,9.16563415527344,9.16563415527344,9.17222213745117,9.17222213745117,9.17222213745117,9.17222213745117,9.17881011962891,9.17881011962891,9.17881011962891,9.18539810180664,9.18539810180664,9.18539810180664,9.18539810180664,9.19198608398438,9.19198608398438,9.19198608398438,9.19198608398438,9.19857406616211,9.19857406616211,9.19857406616211,9.19857406616211,9.20516109466553,9.20516109466553,9.20516109466553,9.20516109466553,9.21174907684326,9.21174907684326,9.21174907684326,9.21174907684326,10,10,10,9,9,9,9,11,11,11,11,11,11,11,11
"11",13,13,13,13,13,13,13,13,12,12,12,12,10.0159044265747,10.0159044265747,10.0159044265747,10,10,10,10,8,8,8,8,6,6,6,6,0,0,0,0,0,0,0,0,8,8,8,8.01590442657471,8.01590442657471,8.01590442657471,8.01590442657471,12,12,12,12,13,13,13,13,10,10,10,10,9.16563415527344,9.16563415527344,9.16563415527344,9.16563415527344,9.17222213745117,9.17222213745117,9.17222213745117,9.17222213745117,9.17881011962891,9.17881011962891,9.17881011962891,9.18539810180664,9.18539810180664,9.18539810180664,9.18539810180664,9.19198608398438,9.19198608398438,9.19198608398438,9.19198608398438,9.19857406616211,9.19857406616211,9.19857406616211,9.19857406616211,9.20516109466553,9.20516109466553,9.20516109466553,9.20516109466553,9.21174907684326,9.21174907684326,9.21174907684326,9.21174907684326,10,10,10,9,9,9,9,11,11,11,11,11,11,11,11
"12",13,13,13,13,13,13,13,13,12,12,12,12,10.0159044265747,10.0159044265747,10.0159044265747,10,10,10,10,8,8,8,8,6,6,6,6,0,0,0,0,0,0,0,0,8,8,8,8.01590442657471,8.01590442657471,8.01590442657471,8.01590442657471,12,12,12,12,13,13,13,13,10,10,10,10,9.16563415527344,9.16563415527344,9.16563415527344,9.16563415527344,9.17222213745117,9.17222213745117,9.17222213745117,9.17222213745117,9.17881011962891,9.17881011962891,9.17881011962891,9.18539810180664,9.18539810180664,9.18539810180664,9.18539810180664,9.19198608398438,9.19198608398438,9.19198608398438,9.19198608398438,9.19857406616211,9.19857406616211,9.19857406616211,9.19857406616211,9.20516109466553,9.20516109466553,9.20516109466553,9.20516109466553,9.21174907684326,9.21174907684326,9.21174907684326,9.21174907684326,10,10,10,9,9,9,9,11,11,11,11,11,11,11,11
"13",12,12,12,12,13,13,13,13,16,16,16,16,12,12,12,10,10,10,10,8,8,8,8,5,5,5,5,0,0,0,0,0,0,0,0,8,8,8,8.01590442657471,8.01590442657471,8.01590442657471,8.01590442657471,13,13,13,13,10,10,10,10,9.18812656402588,9.18812656402588,9.18812656402588,9.18812656402588,10,10,10,10,9.18812656402588,9.18812656402588,9.18812656402588,9.18812656402588,9.19471454620361,9.19471454620361,9.19471454620361,9.20130252838135,9.20130252838135,9.20130252838135,9.20130252838135,10,10,10,10,11,11,11,11,10,10,10,10,9.22765445709229,9.22765445709229,9.22765445709229,9.22765445709229,9.23424243927002,9.23424243927002,9.23424243927002,9.25014686584473,9.25014686584473,9.25014686584473,9.25014686584473,10,10,10,10,12,12,12,12
"14",12,12,12,12,13,13,13,13,16,16,16,16,12,12,12,10,10,10,10,8,8,8,8,5,5,5,5,0,0,0,0,0,0,0,0,8,8,8,8.01590442657471,8.01590442657471,8.01590442657471,8.01590442657471,13,13,13,13,10,10,10,10,9.18812656402588,9.18812656402588,9.18812656402588,9.18812656402588,10,10,10,10,9.18812656402588,9.18812656402588,9.18812656402588,9.18812656402588,9.19471454620361,9.19471454620361,9.19471454620361,9.20130252838135,9.20130252838135,9.20130252838135,9.20130252838135,10,10,10,10,11,11,11,11,10,10,10,10,9.22765445709229,9.22765445709229,9.22765445709229,9.22765445709229,9.23424243927002,9.23424243927002,9.23424243927002,9.25014686584473,9.25014686584473,9.25014686584473,9.25014686584473,10,10,10,10,12,12,12,12
"15",12,12,12,12,13,13,13,13,16,16,16,16,12,12,12,10,10,10,10,8,8,8,8,5,5,5,5,0,0,0,0,0,0,0,0,8,8,8,8.01590442657471,8.01590442657471,8.01590442657471,8.01590442657471,13,13,13,13,10,10,10,10,9.18812656402588,9.18812656402588,9.18812656402588,9.18812656402588,10,10,10,10,9.18812656402588,9.18812656402588,9.18812656402588,9.18812656402588,9.19471454620361,9.19471454620361,9.19471454620361,9.20130252838135,9.20130252838135,9.20130252838135,9.20130252838135,10,10,10,10,11,11,11,11,10,10,10,10,9.22765445709229,9.22765445709229,9.22765445709229,9.22765445709229,9.23424243927002,9.23424243927002,9.23424243927002,9.25014686584473,9.25014686584473,9.25014686584473,9.25014686584473,10,10,10,10,12,12,12,12
"16",15,15,15,15,18,18,18,18,16,16,16,16,13,13,13,11,11,11,11,8,8,8,8,0,0,0,0,0,0,0,0,8,8,8,8,8,8,8,9,9,9,9,12,12,12,12,12,12,12,12,9.20403099060059,9.20403099060059,9.20403099060059,9.20403099060059,9.21061897277832,9.21061897277832,9.21061897277832,9.21061897277832,9.20403099060059,9.20403099060059,9.20403099060059,9.20403099060059,9.21061897277832,9.21061897277832,9.21061897277832,9.21720695495605,9.21720695495605,9.21720695495605,9.21720695495605,9.22379493713379,9.22379493713379,9.22379493713379,9.22379493713379,10,10,10,10,9.25014686584473,9.25014686584473,9.25014686584473,9.25014686584473,9.24355888366699,9.24355888366699,9.24355888366699,9.24355888366699,9.25014686584473,9.25014686584473,9.25014686584473,10,10,10,10,10,10,10,10,10.0159044265747,10.0159044265747,10.0159044265747,10.0159044265747
"17",15,15,15,15,18,18,18,18,16,16,16,16,13,13,13,11,11,11,11,8,8,8,8,0,0,0,0,0,0,0,0,8,8,8,8,8,8,8,9,9,9,9,12,12,12,12,12,12,12,12,9.20403099060059,9.20403099060059,9.20403099060059,9.20403099060059,9.21061897277832,9.21061897277832,9.21061897277832,9.21061897277832,9.20403099060059,9.20403099060059,9.20403099060059,9.20403099060059,9.21061897277832,9.21061897277832,9.21061897277832,9.21720695495605,9.21720695495605,9.21720695495605,9.21720695495605,9.22379493713379,9.22379493713379,9.22379493713379,9.22379493713379,10,10,10,10,9.25014686584473,9.25014686584473,9.25014686584473,9.25014686584473,9.24355888366699,9.24355888366699,9.24355888366699,9.24355888366699,9.25014686584473,9.25014686584473,9.25014686584473,10,10,10,10,10,10,10,10,10.0159044265747,10.0159044265747,10.0159044265747,10.0159044265747
"18",15,15,15,15,18,18,18,18,16,16,16,16,13,13,13,11,11,11,11,8,8,8,8,0,0,0,0,0,0,0,0,8,8,8,8,8,8,8,9,9,9,9,12,12,12,12,12,12,12,12,9.20403099060059,9.20403099060059,9.20403099060059,9.20403099060059,9.21061897277832,9.21061897277832,9.21061897277832,9.21061897277832,9.20403099060059,9.20403099060059,9.20403099060059,9.20403099060059,9.21061897277832,9.21061897277832,9.21061897277832,9.21720695495605,9.21720695495605,9.21720695495605,9.21720695495605,9.22379493713379,9.22379493713379,9.22379493713379,9.22379493713379,10,10,10,10,9.25014686584473,9.25014686584473,9.25014686584473,9.25014686584473,9.24355888366699,9.24355888366699,9.24355888366699,9.24355888366699,9.25014686584473,9.25014686584473,9.25014686584473,10,10,10,10,10,10,10,10,10.0159044265747,10.0159044265747,10.0159044265747,10.0159044265747
"19",15,15,15,15,18,18,18,18,16,16,16,16,13,13,13,11,11,11,11,8,8,8,8,0,0,0,0,0,0,0,0,8,8,8,8,8,8,8,9,9,9,9,12,12,12,12,12,12,12,12,9.20403099060059,9.20403099060059,9.20403099060059,9.20403099060059,9.21061897277832,9.21061897277832,9.21061897277832,9.21061897277832,9.20403099060059,9.20403099060059,9.20403099060059,9.20403099060059,9.21061897277832,9.21061897277832,9.21061897277832,9.21720695495605,9.21720695495605,9.21720695495605,9.21720695495605,9.22379493713379,9.22379493713379,9.22379493713379,9.22379493713379,10,10,10,10,9.25014686584473,9.25014686584473,9.25014686584473,9.25014686584473,9.24355888366699,9.24355888366699,9.24355888366699,9.24355888366699,9.25014686584473,9.25014686584473,9.25014686584473,10,10,10,10,10,10,10,10,10.0159044265747,10.0159044265747,10.0159044265747,10.0159044265747
"20",19,19,19,19,21,21,21,21,16,16,16,16,11,11,11,9,9,9,9,7,7,7,7,0,0,0,0,0,0,0,0,8,8,8,8,9,9,9,12,12,12,12,17,17,17,17,16,16,16,16,9.21993541717529,9.21993541717529,9.21993541717529,9.21993541717529,9.22652339935303,9.22652339935303,9.22652339935303,9.22652339935303,9.21993541717529,9.21993541717529,9.21993541717529,9.21993541717529,9.22652339935303,9.22652339935303,9.22652339935303,9.23311138153076,9.23311138153076,9.23311138153076,9.23311138153076,9.2396993637085,9.2396993637085,9.2396993637085,9.2396993637085,9.24628734588623,9.24628734588623,9.24628734588623,9.24628734588623,9.26219177246094,9.26219177246094,9.26219177246094,9.26219177246094,9.2594633102417,9.2594633102417,9.2594633102417,9.2594633102417,11,11,11,10,10,10,10,10.0159044265747,10.0159044265747,10.0159044265747,10.0159044265747,10.0224924087524,10.0224924087524,10.0224924087524,10.0224924087524
"21",19,19,19,19,21,21,21,21,16,16,16,16,11,11,11,9,9,9,9,7,7,7,7,0,0,0,0,0,0,0,0,8,8,8,8,9,9,9,12,12,12,12,17,17,17,17,16,16,16,16,9.21993541717529,9.21993541717529,9.21993541717529,9.21993541717529,9.22652339935303,9.22652339935303,9.22652339935303,9.22652339935303,9.21993541717529,9.21993541717529,9.21993541717529,9.21993541717529,9.22652339935303,9.22652339935303,9.22652339935303,9.23311138153076,9.23311138153076,9.23311138153076,9.23311138153076,9.2396993637085,9.2396993637085,9.2396993637085,9.2396993637085,9.24628734588623,9.24628734588623,9.24628734588623,9.24628734588623,9.26219177246094,9.26219177246094,9.26219177246094,9.26219177246094,9.2594633102417,9.2594633102417,9.2594633102417,9.2594633102417,11,11,11,10,10,10,10,10.0159044265747,10.0159044265747,10.0159044265747,10.0159044265747,10.0224924087524,10.0224924087524,10.0224924087524,10.0224924087524
"22",19,19,19,19,21,21,21,21,16,16,16,16,11,11,11,9,9,9,9,7,7,7,7,0,0,0,0,0,0,0,0,8,8,8,8,9,9,9,12,12,12,12,17,17,17,17,16,16,16,16,9.21993541717529,9.21993541717529,9.21993541717529,9.21993541717529,9.22652339935303,9.22652339935303,9.22652339935303,9.22652339935303,9.21993541717529,9.21993541717529,9.21993541717529,9.21993541717529,9.22652339935303,9.22652339935303,9.22652339935303,9.23311138153076,9.23311138153076,9.23311138153076,9.23311138153076,9.2396993637085,9.2396993637085,9.2396993637085,9.2396993637085,9.24628734588623,9.24628734588623,9.24628734588623,9.24628734588623,9.26219177246094,9.26219177246094,9.26219177246094,9.26219177246094,9.2594633102417,9.2594633102417,9.2594633102417,9.2594633102417,11,11,11,10,10,10,10,10.0159044265747,10.0159044265747,10.0159044265747,10.0159044265747,10.0224924087524,10.0224924087524,10.0224924087524,10.0224924087524
"23",19,19,19,19,21,21,21,21,16,16,16,16,11,11,11,9,9,9,9,7,7,7,7,0,0,0,0,0,0,0,0,8,8,8,8,9,9,9,12,12,12,12,17,17,17,17,16,16,16,16,9.21993541717529,9.21993541717529,9.21993541717529,9.21993541717529,9.22652339935303,9.22652339935303,9.22652339935303,9.22652339935303,9.21993541717529,9.21993541717529,9.21993541717529,9.21993541717529,9.22652339935303,9.22652339935303,9.22652339935303,9.23311138153076,9.23311138153076,9.23311138153076,9.23311138153076,9.2396993637085,9.2396993637085,9.2396993637085,9.2396993637085,9.24628734588623,9.24628734588623,9.24628734588623,9.24628734588623,9.26219177246094,9.26219177246094,9.26219177246094,9.26219177246094,9.2594633102417,9.2594633102417,9.2594633102417,9.2594633102417,11,11,11,10,10,10,10,10.0159044265747,10.0159044265747,10.0159044265747,10.0159044265747,10.0224924087524,10.0224924087524,10.0224924087524,10.0224924087524
"24",19,19,19,19,19,19,19,19,16,16,16,16,11,11,11,8,8,8,8,0,0,0,0,0,0,0,0,0,0,0,0,10,10,10,10,8.02249240875244,8.02249240875244,8.02249240875244,9,9,9,9,11,11,11,11,17,17,17,17,12,12,12,12,9.24242877960205,9.24242877960205,9.24242877960205,9.24242877960205,9.23584079742432,9.23584079742432,9.23584079742432,9.23584079742432,11,11,11,10,10,10,10,13,13,13,13,11,11,11,11,9.26877975463867,9.26877975463867,9.26877975463867,9.26877975463867,11,11,11,11,12,12,12,11,11,11,11,13,13,13,13,12,12,12,12
"25",19,19,19,19,19,19,19,19,16,16,16,16,11,11,11,8,8,8,8,0,0,0,0,0,0,0,0,0,0,0,0,10,10,10,10,8.02249240875244,8.02249240875244,8.02249240875244,9,9,9,9,11,11,11,11,17,17,17,17,12,12,12,12,9.24242877960205,9.24242877960205,9.24242877960205,9.24242877960205,9.23584079742432,9.23584079742432,9.23584079742432,9.23584079742432,11,11,11,10,10,10,10,13,13,13,13,11,11,11,11,9.26877975463867,9.26877975463867,9.26877975463867,9.26877975463867,11,11,11,11,12,12,12,11,11,11,11,13,13,13,13,12,12,12,12
"26",19,19,19,19,19,19,19,19,16,16,16,16,11,11,11,8,8,8,8,0,0,0,0,0,0,0,0,0,0,0,0,10,10,10,10,8.02249240875244,8.02249240875244,8.02249240875244,9,9,9,9,11,11,11,11,17,17,17,17,12,12,12,12,9.24242877960205,9.24242877960205,9.24242877960205,9.24242877960205,9.23584079742432,9.23584079742432,9.23584079742432,9.23584079742432,11,11,11,10,10,10,10,13,13,13,13,11,11,11,11,9.26877975463867,9.26877975463867,9.26877975463867,9.26877975463867,11,11,11,11,12,12,12,11,11,11,11,13,13,13,13,12,12,12,12
"27",19,19,19,19,19,19,19,19,16,16,16,16,11,11,11,8,8,8,8,0,0,0,0,0,0,0,0,0,0,0,0,10,10,10,10,8.02249240875244,8.02249240875244,8.02249240875244,9,9,9,9,11,11,11,11,17,17,17,17,12,12,12,12,9.24242877960205,9.24242877960205,9.24242877960205,9.24242877960205,9.23584079742432,9.23584079742432,9.23584079742432,9.23584079742432,11,11,11,10,10,10,10,13,13,13,13,11,11,11,11,9.26877975463867,9.26877975463867,9.26877975463867,9.26877975463867,11,11,11,11,12,12,12,11,11,11,11,13,13,13,13,12,12,12,12
"28",15.0159044265747,15.0159044265747,15.0159044265747,15.0159044265747,15,15,15,15,16,16,16,16,11,11,11,9,9,9,9,0,0,0,0,0,0,0,0,9,9,9,9,10,10,10,10,8.03839683532715,8.03839683532715,8.03839683532715,8.04498481750488,8.04498481750488,8.04498481750488,8.04498481750488,8.06088924407959,8.06088924407959,8.06088924407959,8.06088924407959,11,11,11,11,14,14,14,14,13,13,13,13,13,13,13,13,11,11,11,10.0159044265747,10.0159044265747,10.0159044265747,10.0159044265747,14,14,14,14,18,18,18,18,9.28468418121338,9.28468418121338,9.28468418121338,9.28468418121338,9.29127216339111,9.29127216339111,9.29127216339111,9.29127216339111,12,12,12,17,17,17,17,19,19,19,19,14,14,14,14
"29",15.0159044265747,15.0159044265747,15.0159044265747,15.0159044265747,15,15,15,15,16,16,16,16,11,11,11,9,9,9,9,0,0,0,0,0,0,0,0,9,9,9,9,10,10,10,10,8.03839683532715,8.03839683532715,8.03839683532715,8.04498481750488,8.04498481750488,8.04498481750488,8.04498481750488,8.06088924407959,8.06088924407959,8.06088924407959,8.06088924407959,11,11,11,11,14,14,14,14,13,13,13,13,13,13,13,13,11,11,11,10.0159044265747,10.0159044265747,10.0159044265747,10.0159044265747,14,14,14,14,18,18,18,18,9.28468418121338,9.28468418121338,9.28468418121338,9.28468418121338,9.29127216339111,9.29127216339111,9.29127216339111,9.29127216339111,12,12,12,17,17,17,17,19,19,19,19,14,14,14,14
"30",15.0159044265747,15.0159044265747,15.0159044265747,15.0159044265747,15,15,15,15,16,16,16,16,11,11,11,9,9,9,9,0,0,0,0,0,0,0,0,9,9,9,9,10,10,10,10,8.03839683532715,8.03839683532715,8.03839683532715,8.04498481750488,8.04498481750488,8.04498481750488,8.04498481750488,8.06088924407959,8.06088924407959,8.06088924407959,8.06088924407959,11,11,11,11,14,14,14,14,13,13,13,13,13,13,13,13,11,11,11,10.0159044265747,10.0159044265747,10.0159044265747,10.0159044265747,14,14,14,14,18,18,18,18,9.28468418121338,9.28468418121338,9.28468418121338,9.28468418121338,9.29127216339111,9.29127216339111,9.29127216339111,9.29127216339111,12,12,12,17,17,17,17,19,19,19,19,14,14,14,14
"31",15.0159044265747,15.0159044265747,15.0159044265747,15.0159044265747,15,15,15,15,16,16,16,16,11,11,11,9,9,9,9,0,0,0,0,0,0,0,0,9,9,9,9,10,10,10,10,8.03839683532715,8.03839683532715,8.03839683532715,8.04498481750488,8.04498481750488,8.04498481750488,8.04498481750488,8.06088924407959,8.06088924407959,8.06088924407959,8.06088924407959,11,11,11,11,14,14,14,14,13,13,13,13,13,13,13,13,11,11,11,10.0159044265747,10.0159044265747,10.0159044265747,10.0159044265747,14,14,14,14,18,18,18,18,9.28468418121338,9.28468418121338,9.28468418121338,9.28468418121338,9.29127216339111,9.29127216339111,9.29127216339111,9.29127216339111,12,12,12,17,17,17,17,19,19,19,19,14,14,14,14
"32",16,16,16,16,16,16,16,16,12,12,12,12,12,12,12,0,0,0,0,0,0,0,0,0,0,0,0,9,9,9,9,8.06088924407959,8.06088924407959,8.06088924407959,8.06088924407959,8.05430221557617,8.05430221557617,8.05430221557617,8.06088924407959,8.06088924407959,8.06088924407959,8.06088924407959,8.06747722625732,8.06747722625732,8.06747722625732,8.06747722625732,10,10,10,10,19,19,19,19,19,19,19,19,18,18,18,18,15,15,15,15,15,15,15,18,18,18,18,16,16,16,16,9.3005895614624,9.3005895614624,9.3005895614624,9.3005895614624,10,10,10,10,12,12,12,16,16,16,16,21,21,21,21,18,18,18,18
"33",16,16,16,16,16,16,16,16,12,12,12,12,12,12,12,0,0,0,0,0,0,0,0,0,0,0,0,9,9,9,9,8.06088924407959,8.06088924407959,8.06088924407959,8.06088924407959,8.05430221557617,8.05430221557617,8.05430221557617,8.06088924407959,8.06088924407959,8.06088924407959,8.06088924407959,8.06747722625732,8.06747722625732,8.06747722625732,8.06747722625732,10,10,10,10,19,19,19,19,19,19,19,19,18,18,18,18,15,15,15,15,15,15,15,18,18,18,18,16,16,16,16,9.3005895614624,9.3005895614624,9.3005895614624,9.3005895614624,10,10,10,10,12,12,12,16,16,16,16,21,21,21,21,18,18,18,18
"34",16,16,16,16,16,16,16,16,12,12,12,12,12,12,12,0,0,0,0,0,0,0,0,0,0,0,0,9,9,9,9,8.06088924407959,8.06088924407959,8.06088924407959,8.06088924407959,8.05430221557617,8.05430221557617,8.05430221557617,8.06088924407959,8.06088924407959,8.06088924407959,8.06088924407959,8.06747722625732,8.06747722625732,8.06747722625732,8.06747722625732,10,10,10,10,19,19,19,19,19,19,19,19,18,18,18,18,15,15,15,15,15,15,15,18,18,18,18,16,16,16,16,9.3005895614624,9.3005895614624,9.3005895614624,9.3005895614624,10,10,10,10,12,12,12,16,16,16,16,21,21,21,21,18,18,18,18
"35",16,16,16,16,16,16,16,16,12,12,12,12,12,12,12,0,0,0,0,0,0,0,0,0,0,0,0,9,9,9,9,8.06088924407959,8.06088924407959,8.06088924407959,8.06088924407959,8.05430221557617,8.05430221557617,8.05430221557617,8.06088924407959,8.06088924407959,8.06088924407959,8.06088924407959,8.06747722625732,8.06747722625732,8.06747722625732,8.06747722625732,10,10,10,10,19,19,19,19,19,19,19,19,18,18,18,18,15,15,15,15,15,15,15,18,18,18,18,16,16,16,16,9.3005895614624,9.3005895614624,9.3005895614624,9.3005895614624,10,10,10,10,12,12,12,16,16,16,16,21,21,21,21,18,18,18,18
"36",25,25,25,25,21,21,21,21,19,19,19,19,14,14,14,0,0,0,0,0,0,0,0,0,0,0,0,10,10,10,10,9,9,9,9,8.07020664215088,8.07020664215088,8.07020664215088,8.07679462432861,8.07679462432861,8.07679462432861,8.07679462432861,8.08338260650635,8.08338260650635,8.08338260650635,8.08338260650635,14,14,14,14,21,21,21,21,20,20,20,20,25,25,25,25,21,21,21,20,20,20,20,19,19,19,19,13,13,13,13,13,13,13,13,19,19,19,19,22,22,22,19,19,19,19,22,22,22,22,19,19,19,19
"37",25,25,25,25,21,21,21,21,19,19,19,19,14,14,14,0,0,0,0,0,0,0,0,0,0,0,0,10,10,10,10,9,9,9,9,8.07020664215088,8.07020664215088,8.07020664215088,8.07679462432861,8.07679462432861,8.07679462432861,8.07679462432861,8.08338260650635,8.08338260650635,8.08338260650635,8.08338260650635,14,14,14,14,21,21,21,21,20,20,20,20,25,25,25,25,21,21,21,20,20,20,20,19,19,19,19,13,13,13,13,13,13,13,13,19,19,19,19,22,22,22,19,19,19,19,22,22,22,22,19,19,19,19
"38",25,25,25,25,21,21,21,21,19,19,19,19,14,14,14,0,0,0,0,0,0,0,0,0,0,0,0,10,10,10,10,9,9,9,9,8.07020664215088,8.07020664215088,8.07020664215088,8.07679462432861,8.07679462432861,8.07679462432861,8.07679462432861,8.08338260650635,8.08338260650635,8.08338260650635,8.08338260650635,14,14,14,14,21,21,21,21,20,20,20,20,25,25,25,25,21,21,21,20,20,20,20,19,19,19,19,13,13,13,13,13,13,13,13,19,19,19,19,22,22,22,19,19,19,19,22,22,22,22,19,19,19,19
"39",32,32,32,32,26,26,26,26,23,23,23,23,12,12,12,0,0,0,0,0,0,0,0,10,10,10,10,9,9,9,9,8.09269905090332,8.09269905090332,8.09269905090332,8.09269905090332,8.08611106872559,8.08611106872559,8.08611106872559,8.09269905090332,8.09269905090332,8.09269905090332,8.09269905090332,11,11,11,11,21,21,21,21,23,23,23,23,23,23,23,23,26,26,26,26,25,25,25,22,22,22,22,20,20,20,20,18,18,18,18,19,19,19,19,24,24,24,24,25,25,25,25,25,25,25,24,24,24,24,21,21,21,21
"40",32,32,32,32,26,26,26,26,23,23,23,23,12,12,12,0,0,0,0,0,0,0,0,10,10,10,10,9,9,9,9,8.09269905090332,8.09269905090332,8.09269905090332,8.09269905090332,8.08611106872559,8.08611106872559,8.08611106872559,8.09269905090332,8.09269905090332,8.09269905090332,8.09269905090332,11,11,11,11,21,21,21,21,23,23,23,23,23,23,23,23,26,26,26,26,25,25,25,22,22,22,22,20,20,20,20,18,18,18,18,19,19,19,19,24,24,24,24,25,25,25,25,25,25,25,24,24,24,24,21,21,21,21
"41",32,32,32,32,26,26,26,26,23,23,23,23,12,12,12,0,0,0,0,0,0,0,0,10,10,10,10,9,9,9,9,8.09269905090332,8.09269905090332,8.09269905090332,8.09269905090332,8.08611106872559,8.08611106872559,8.08611106872559,8.09269905090332,8.09269905090332,8.09269905090332,8.09269905090332,11,11,11,11,21,21,21,21,23,23,23,23,23,23,23,23,26,26,26,26,25,25,25,22,22,22,22,20,20,20,20,18,18,18,18,19,19,19,19,24,24,24,24,25,25,25,25,25,25,25,24,24,24,24,21,21,21,21
"42",32,32,32,32,26,26,26,26,23,23,23,23,12,12,12,0,0,0,0,0,0,0,0,10,10,10,10,9,9,9,9,8.09269905090332,8.09269905090332,8.09269905090332,8.09269905090332,8.08611106872559,8.08611106872559,8.08611106872559,8.09269905090332,8.09269905090332,8.09269905090332,8.09269905090332,11,11,11,11,21,21,21,21,23,23,23,23,23,23,23,23,26,26,26,26,25,25,25,22,22,22,22,20,20,20,20,18,18,18,18,19,19,19,19,24,24,24,24,25,25,25,25,25,25,25,24,24,24,24,21,21,21,21
"43",29,29,29,29,27,27,27,27,23,23,23,23,0,0,0,0,0,0,0,0,0,0,0,9,9,9,9,10,10,10,10,8.10860347747803,8.10860347747803,8.10860347747803,8.10860347747803,8.10201549530029,8.10201549530029,8.10201549530029,8.10860347747803,8.10860347747803,8.10860347747803,8.10860347747803,11,11,11,11,18,18,18,18,24,24,24,24,26,26,26,26,28,28,28,28,30,30,30,29,29,29,29,27,27,27,27,24,24,24,24,20,20,20,20,19.0224933624268,19.0224933624268,19.0224933624268,19.0224933624268,21,21,21,23,23,23,23,27,27,27,27,25,25,25,25
"44",29,29,29,29,27,27,27,27,23,23,23,23,0,0,0,0,0,0,0,0,0,0,0,9,9,9,9,10,10,10,10,8.10860347747803,8.10860347747803,8.10860347747803,8.10860347747803,8.10201549530029,8.10201549530029,8.10201549530029,8.10860347747803,8.10860347747803,8.10860347747803,8.10860347747803,11,11,11,11,18,18,18,18,24,24,24,24,26,26,26,26,28,28,28,28,30,30,30,29,29,29,29,27,27,27,27,24,24,24,24,20,20,20,20,19.0224933624268,19.0224933624268,19.0224933624268,19.0224933624268,21,21,21,23,23,23,23,27,27,27,27,25,25,25,25
"45",29,29,29,29,27,27,27,27,23,23,23,23,0,0,0,0,0,0,0,0,0,0,0,9,9,9,9,10,10,10,10,8.10860347747803,8.10860347747803,8.10860347747803,8.10860347747803,8.10201549530029,8.10201549530029,8.10201549530029,8.10860347747803,8.10860347747803,8.10860347747803,8.10860347747803,11,11,11,11,18,18,18,18,24,24,24,24,26,26,26,26,28,28,28,28,30,30,30,29,29,29,29,27,27,27,27,24,24,24,24,20,20,20,20,19.0224933624268,19.0224933624268,19.0224933624268,19.0224933624268,21,21,21,23,23,23,23,27,27,27,27,25,25,25,25
"46",29,29,29,29,27,27,27,27,23,23,23,23,0,0,0,0,0,0,0,0,0,0,0,9,9,9,9,10,10,10,10,8.10860347747803,8.10860347747803,8.10860347747803,8.10860347747803,8.10201549530029,8.10201549530029,8.10201549530029,8.10860347747803,8.10860347747803,8.10860347747803,8.10860347747803,11,11,11,11,18,18,18,18,24,24,24,24,26,26,26,26,28,28,28,28,30,30,30,29,29,29,29,27,27,27,27,24,24,24,24,20,20,20,20,19.0224933624268,19.0224933624268,19.0224933624268,19.0224933624268,21,21,21,23,23,23,23,27,27,27,27,25,25,25,25
"47",24,24,24,24,19,19,19,19,19,19,19,19,0,0,0,0,0,0,0,10,10,10,10,9,9,9,9,9,9,9,9,9,9,9,9,8.117919921875,8.117919921875,8.117919921875,11,11,11,11,13,13,13,13,22,22,22,22,23,23,23,23,23,23,23,23,26,26,26,26,26,26,26,29,29,29,29,30,30,30,30,29,29,29,29,25,25,25,25,21,21,21,21,24,24,24,25,25,25,25,27,27,27,27,25,25,25,25
"48",24,24,24,24,19,19,19,19,19,19,19,19,0,0,0,0,0,0,0,10,10,10,10,9,9,9,9,9,9,9,9,9,9,9,9,8.117919921875,8.117919921875,8.117919921875,11,11,11,11,13,13,13,13,22,22,22,22,23,23,23,23,23,23,23,23,26,26,26,26,26,26,26,29,29,29,29,30,30,30,30,29,29,29,29,25,25,25,25,21,21,21,21,24,24,24,25,25,25,25,27,27,27,27,25,25,25,25
"49",24,24,24,24,19,19,19,19,19,19,19,19,0,0,0,0,0,0,0,10,10,10,10,9,9,9,9,9,9,9,9,9,9,9,9,8.117919921875,8.117919921875,8.117919921875,11,11,11,11,13,13,13,13,22,22,22,22,23,23,23,23,23,23,23,23,26,26,26,26,26,26,26,29,29,29,29,30,30,30,30,29,29,29,29,25,25,25,25,21,21,21,21,24,24,24,25,25,25,25,27,27,27,27,25,25,25,25
"50",24,24,24,24,19,19,19,19,19,19,19,19,0,0,0,0,0,0,0,10,10,10,10,9,9,9,9,9,9,9,9,9,9,9,9,8.117919921875,8.117919921875,8.117919921875,11,11,11,11,13,13,13,13,22,22,22,22,23,23,23,23,23,23,23,23,26,26,26,26,26,26,26,29,29,29,29,30,30,30,30,29,29,29,29,25,25,25,25,21,21,21,21,24,24,24,25,25,25,25,27,27,27,27,25,25,25,25
"51",16,16,16,16,12,12,12,12,10,10,10,10,0,0,0,0,0,0,0,9,9,9,9,9,9,9,9,8.15631771087646,8.15631771087646,8.15631771087646,8.15631771087646,8.14041233062744,8.14041233062744,8.14041233062744,8.14041233062744,11,11,11,14,14,14,14,19,19,19,19,25,25,25,25,16,16,16,16,17,17,17,17,16,16,16,16,19,19,19,23,23,23,23,23,23,23,23,29,29,29,29,30,30,30,30,27,27,27,27,30,30,30,30,30,30,30,29,29,29,29,24,24,24,24
"52",16,16,16,16,12,12,12,12,10,10,10,10,0,0,0,0,0,0,0,9,9,9,9,9,9,9,9,8.15631771087646,8.15631771087646,8.15631771087646,8.15631771087646,8.14041233062744,8.14041233062744,8.14041233062744,8.14041233062744,11,11,11,14,14,14,14,19,19,19,19,25,25,25,25,16,16,16,16,17,17,17,17,16,16,16,16,19,19,19,23,23,23,23,23,23,23,23,29,29,29,29,30,30,30,30,27,27,27,27,30,30,30,30,30,30,30,29,29,29,29,24,24,24,24
"53",16,16,16,16,12,12,12,12,10,10,10,10,0,0,0,0,0,0,0,9,9,9,9,9,9,9,9,8.15631771087646,8.15631771087646,8.15631771087646,8.15631771087646,8.14041233062744,8.14041233062744,8.14041233062744,8.14041233062744,11,11,11,14,14,14,14,19,19,19,19,25,25,25,25,16,16,16,16,17,17,17,17,16,16,16,16,19,19,19,23,23,23,23,23,23,23,23,29,29,29,29,30,30,30,30,27,27,27,27,30,30,30,30,30,30,30,29,29,29,29,24,24,24,24
"54",16,16,16,16,12,12,12,12,10,10,10,10,0,0,0,0,0,0,0,9,9,9,9,9,9,9,9,8.15631771087646,8.15631771087646,8.15631771087646,8.15631771087646,8.14041233062744,8.14041233062744,8.14041233062744,8.14041233062744,11,11,11,14,14,14,14,19,19,19,19,25,25,25,25,16,16,16,16,17,17,17,17,16,16,16,16,19,19,19,23,23,23,23,23,23,23,23,29,29,29,29,30,30,30,30,27,27,27,27,30,30,30,30,30,30,30,29,29,29,29,24,24,24,24
"55",16,16,16,16,13,13,13,13,10,10,10,10,0,0,0,0,0,0,0,11,11,11,11,11,11,11,11,10,10,10,10,8.15631771087646,8.15631771087646,8.15631771087646,8.15631771087646,9,9,9,9.01590442657471,9.01590442657471,9.01590442657471,9.01590442657471,9.03180885314941,9.03180885314941,9.03180885314941,9.03180885314941,11,11,11,11,9.07020664215088,9.07020664215088,9.07020664215088,9.07020664215088,10,10,10,10,10,10,10,10,11,11,11,14,14,14,14,16,16,16,16,27,27,27,27,31,31,31,31,27.015905380249,27.015905380249,27.015905380249,27.015905380249,30,30,30,34,34,34,34,31,31,31,31,26,26,26,26
"56",16,16,16,16,13,13,13,13,10,10,10,10,0,0,0,0,0,0,0,11,11,11,11,11,11,11,11,10,10,10,10,8.15631771087646,8.15631771087646,8.15631771087646,8.15631771087646,9,9,9,9.01590442657471,9.01590442657471,9.01590442657471,9.01590442657471,9.03180885314941,9.03180885314941,9.03180885314941,9.03180885314941,11,11,11,11,9.07020664215088,9.07020664215088,9.07020664215088,9.07020664215088,10,10,10,10,10,10,10,10,11,11,11,14,14,14,14,16,16,16,16,27,27,27,27,31,31,31,31,27.015905380249,27.015905380249,27.015905380249,27.015905380249,30,30,30,34,34,34,34,31,31,31,31,26,26,26,26
"57",16,16,16,16,13,13,13,13,10,10,10,10,0,0,0,0,0,0,0,11,11,11,11,11,11,11,11,10,10,10,10,8.15631771087646,8.15631771087646,8.15631771087646,8.15631771087646,9,9,9,9.01590442657471,9.01590442657471,9.01590442657471,9.01590442657471,9.03180885314941,9.03180885314941,9.03180885314941,9.03180885314941,11,11,11,11,9.07020664215088,9.07020664215088,9.07020664215088,9.07020664215088,10,10,10,10,10,10,10,10,11,11,11,14,14,14,14,16,16,16,16,27,27,27,27,31,31,31,31,27.015905380249,27.015905380249,27.015905380249,27.015905380249,30,30,30,34,34,34,34,31,31,31,31,26,26,26,26
"58",16,16,16,16,13,13,13,13,10,10,10,10,0,0,0,0,0,0,0,11,11,11,11,11,11,11,11,10,10,10,10,8.15631771087646,8.15631771087646,8.15631771087646,8.15631771087646,9,9,9,9.01590442657471,9.01590442657471,9.01590442657471,9.01590442657471,9.03180885314941,9.03180885314941,9.03180885314941,9.03180885314941,11,11,11,11,9.07020664215088,9.07020664215088,9.07020664215088,9.07020664215088,10,10,10,10,10,10,10,10,11,11,11,14,14,14,14,16,16,16,16,27,27,27,27,31,31,31,31,27.015905380249,27.015905380249,27.015905380249,27.015905380249,30,30,30,34,34,34,34,31,31,31,31,26,26,26,26
"59",19,19,19,19,19,19,19,19,-1,-1,-1,-1,0,0,0,9,9,9,9,11,11,11,11,10,10,10,10,11,11,11,11,8.17222213745117,8.17222213745117,8.17222213745117,8.17222213745117,9,9,9,9.01590442657471,9.01590442657471,9.01590442657471,9.01590442657471,9.03180885314941,9.03180885314941,9.03180885314941,9.03180885314941,9.04771423339844,9.04771423339844,9.04771423339844,9.04771423339844,9.06361865997314,9.06361865997314,9.06361865997314,9.06361865997314,9.07952308654785,9.07952308654785,9.07952308654785,9.07952308654785,9.09542751312256,9.09542751312256,9.09542751312256,9.09542751312256,11,11,11,16,16,16,16,17,17,17,17,24,24,24,24,27,27,27,27,28,28,28,28,32,32,32,35,35,35,35,34,34,34,34,30,30,30,30
"60",19,19,19,19,19,19,19,19,-1,-1,-1,-1,0,0,0,9,9,9,9,11,11,11,11,10,10,10,10,11,11,11,11,8.17222213745117,8.17222213745117,8.17222213745117,8.17222213745117,9,9,9,9.01590442657471,9.01590442657471,9.01590442657471,9.01590442657471,9.03180885314941,9.03180885314941,9.03180885314941,9.03180885314941,9.04771423339844,9.04771423339844,9.04771423339844,9.04771423339844,9.06361865997314,9.06361865997314,9.06361865997314,9.06361865997314,9.07952308654785,9.07952308654785,9.07952308654785,9.07952308654785,9.09542751312256,9.09542751312256,9.09542751312256,9.09542751312256,11,11,11,16,16,16,16,17,17,17,17,24,24,24,24,27,27,27,27,28,28,28,28,32,32,32,35,35,35,35,34,34,34,34,30,30,30,30
"61",19,19,19,19,19,19,19,19,-1,-1,-1,-1,0,0,0,9,9,9,9,11,11,11,11,10,10,10,10,11,11,11,11,8.17222213745117,8.17222213745117,8.17222213745117,8.17222213745117,9,9,9,9.01590442657471,9.01590442657471,9.01590442657471,9.01590442657471,9.03180885314941,9.03180885314941,9.03180885314941,9.03180885314941,9.04771423339844,9.04771423339844,9.04771423339844,9.04771423339844,9.06361865997314,9.06361865997314,9.06361865997314,9.06361865997314,9.07952308654785,9.07952308654785,9.07952308654785,9.07952308654785,9.09542751312256,9.09542751312256,9.09542751312256,9.09542751312256,11,11,11,16,16,16,16,17,17,17,17,24,24,24,24,27,27,27,27,28,28,28,28,32,32,32,35,35,35,35,34,34,34,34,30,30,30,30
"62",19,19,19,19,19,19,19,19,-1,-1,-1,-1,0,0,0,9,9,9,9,11,11,11,11,10,10,10,10,11,11,11,11,8.17222213745117,8.17222213745117,8.17222213745117,8.17222213745117,9,9,9,9.01590442657471,9.01590442657471,9.01590442657471,9.01590442657471,9.03180885314941,9.03180885314941,9.03180885314941,9.03180885314941,9.04771423339844,9.04771423339844,9.04771423339844,9.04771423339844,9.06361865997314,9.06361865997314,9.06361865997314,9.06361865997314,9.07952308654785,9.07952308654785,9.07952308654785,9.07952308654785,9.09542751312256,9.09542751312256,9.09542751312256,9.09542751312256,11,11,11,16,16,16,16,17,17,17,17,24,24,24,24,27,27,27,27,28,28,28,28,32,32,32,35,35,35,35,34,34,34,34,30,30,30,30
"63",22,22,22,22,18,18,18,18,0,0,0,0,0,0,0,9,9,9,9,9.01590442657471,9.01590442657471,9.01590442657471,9.01590442657471,10,10,10,10,10,10,10,10,11,11,11,11,12,12,12,11,11,11,11,11,11,11,11,11,11,11,11,10,10,10,10,12,12,12,12,12,12,12,12,15,15,15,22,22,22,22,26,26,26,26,28,28,28,28,29,29,29,29,30,30,30,30,33,33,33,36,36,36,36,40,40,40,40,43,43,43,43
"64",22,22,22,22,18,18,18,18,0,0,0,0,0,0,0,9,9,9,9,9.01590442657471,9.01590442657471,9.01590442657471,9.01590442657471,10,10,10,10,10,10,10,10,11,11,11,11,12,12,12,11,11,11,11,11,11,11,11,11,11,11,11,10,10,10,10,12,12,12,12,12,12,12,12,15,15,15,22,22,22,22,26,26,26,26,28,28,28,28,29,29,29,29,30,30,30,30,33,33,33,36,36,36,36,40,40,40,40,43,43,43,43
"65",22,22,22,22,18,18,18,18,0,0,0,0,0,0,0,9,9,9,9,9.01590442657471,9.01590442657471,9.01590442657471,9.01590442657471,10,10,10,10,10,10,10,10,11,11,11,11,12,12,12,11,11,11,11,11,11,11,11,11,11,11,11,10,10,10,10,12,12,12,12,12,12,12,12,15,15,15,22,22,22,22,26,26,26,26,28,28,28,28,29,29,29,29,30,30,30,30,33,33,33,36,36,36,36,40,40,40,40,43,43,43,43
"66",21,21,21,21,15,15,15,15,0,0,0,0,0,0,0,11,11,11,11,9.02249240875244,9.02249240875244,9.02249240875244,9.02249240875244,11,11,11,11,10.0159044265747,10.0159044265747,10.0159044265747,10.0159044265747,11,11,11,11,11.0159044265747,11.0159044265747,11.0159044265747,12,12,12,12,11,11,11,11,10.0224924087524,10.0224924087524,10.0224924087524,10.0224924087524,12,12,12,12,15,15,15,15,19,19,19,19,24,24,24,33,33,33,33,43,43,43,43,41,41,41,41,44,44,44,44,41,41,41,41,38,38,38,39,39,39,39,43,43,43,43,50,50,50,50
"67",21,21,21,21,15,15,15,15,0,0,0,0,0,0,0,11,11,11,11,9.02249240875244,9.02249240875244,9.02249240875244,9.02249240875244,11,11,11,11,10.0159044265747,10.0159044265747,10.0159044265747,10.0159044265747,11,11,11,11,11.0159044265747,11.0159044265747,11.0159044265747,12,12,12,12,11,11,11,11,10.0224924087524,10.0224924087524,10.0224924087524,10.0224924087524,12,12,12,12,15,15,15,15,19,19,19,19,24,24,24,33,33,33,33,43,43,43,43,41,41,41,41,44,44,44,44,41,41,41,41,38,38,38,39,39,39,39,43,43,43,43,50,50,50,50
"68",21,21,21,21,15,15,15,15,0,0,0,0,0,0,0,11,11,11,11,9.02249240875244,9.02249240875244,9.02249240875244,9.02249240875244,11,11,11,11,10.0159044265747,10.0159044265747,10.0159044265747,10.0159044265747,11,11,11,11,11.0159044265747,11.0159044265747,11.0159044265747,12,12,12,12,11,11,11,11,10.0224924087524,10.0224924087524,10.0224924087524,10.0224924087524,12,12,12,12,15,15,15,15,19,19,19,19,24,24,24,33,33,33,33,43,43,43,43,41,41,41,41,44,44,44,44,41,41,41,41,38,38,38,39,39,39,39,43,43,43,43,50,50,50,50
"69",21,21,21,21,15,15,15,15,0,0,0,0,0,0,0,11,11,11,11,9.02249240875244,9.02249240875244,9.02249240875244,9.02249240875244,11,11,11,11,10.0159044265747,10.0159044265747,10.0159044265747,10.0159044265747,11,11,11,11,11.0159044265747,11.0159044265747,11.0159044265747,12,12,12,12,11,11,11,11,10.0224924087524,10.0224924087524,10.0224924087524,10.0224924087524,12,12,12,12,15,15,15,15,19,19,19,19,24,24,24,33,33,33,33,43,43,43,43,41,41,41,41,44,44,44,44,41,41,41,41,38,38,38,39,39,39,39,43,43,43,43,50,50,50,50
"70",16,16,16,16,0,0,0,0,0,0,0,0,9,9,9,10,10,10,10,10,10,10,10,11,11,11,11,11,11,11,11,11,11,11,11,11,11,11,12,12,12,12,12,12,12,12,12,12,12,12,17,17,17,17,23,23,23,23,26,26,26,26,29,29,29,38,38,38,38,47,47,47,47,53,53,53,53,55,55,55,55,56,56,56,56,52,52,52,49,49,49,49,53,53,53,53,56,56,56,56
"71",16,16,16,16,0,0,0,0,0,0,0,0,9,9,9,10,10,10,10,10,10,10,10,11,11,11,11,11,11,11,11,11,11,11,11,11,11,11,12,12,12,12,12,12,12,12,12,12,12,12,17,17,17,17,23,23,23,23,26,26,26,26,29,29,29,38,38,38,38,47,47,47,47,53,53,53,53,55,55,55,55,56,56,56,56,52,52,52,49,49,49,49,53,53,53,53,56,56,56,56
"72",16,16,16,16,0,0,0,0,0,0,0,0,9,9,9,10,10,10,10,10,10,10,10,11,11,11,11,11,11,11,11,11,11,11,11,11,11,11,12,12,12,12,12,12,12,12,12,12,12,12,17,17,17,17,23,23,23,23,26,26,26,26,29,29,29,38,38,38,38,47,47,47,47,53,53,53,53,55,55,55,55,56,56,56,56,52,52,52,49,49,49,49,53,53,53,53,56,56,56,56
"73",16,16,16,16,0,0,0,0,0,0,0,0,9,9,9,10,10,10,10,10,10,10,10,11,11,11,11,11,11,11,11,11,11,11,11,11,11,11,12,12,12,12,12,12,12,12,12,12,12,12,17,17,17,17,23,23,23,23,26,26,26,26,29,29,29,38,38,38,38,47,47,47,47,53,53,53,53,55,55,55,55,56,56,56,56,52,52,52,49,49,49,49,53,53,53,53,56,56,56,56
"74",9,9,9,9,0,0,0,0,0,0,0,0,6,6,6,9,9,9,9,10,10,10,10,10,10,10,10,9,9,9,9,10,10,10,10,11,11,11,10,10,10,10,15,15,15,15,24,24,24,24,27,27,27,27,28,28,28,28,30,30,30,30,36,36,36,41,41,41,41,51,51,51,51,53,53,53,53,57,57,57,57,63,63,63,63,63,63,63,60,60,60,60,59,59,59,59,61,61,61,61
"75",9,9,9,9,0,0,0,0,0,0,0,0,6,6,6,9,9,9,9,10,10,10,10,10,10,10,10,9,9,9,9,10,10,10,10,11,11,11,10,10,10,10,15,15,15,15,24,24,24,24,27,27,27,27,28,28,28,28,30,30,30,30,36,36,36,41,41,41,41,51,51,51,51,53,53,53,53,57,57,57,57,63,63,63,63,63,63,63,60,60,60,60,59,59,59,59,61,61,61,61
"76",9,9,9,9,0,0,0,0,0,0,0,0,6,6,6,9,9,9,9,10,10,10,10,10,10,10,10,9,9,9,9,10,10,10,10,11,11,11,10,10,10,10,15,15,15,15,24,24,24,24,27,27,27,27,28,28,28,28,30,30,30,30,36,36,36,41,41,41,41,51,51,51,51,53,53,53,53,57,57,57,57,63,63,63,63,63,63,63,60,60,60,60,59,59,59,59,61,61,61,61
"77",9,9,9,9,0,0,0,0,0,0,0,0,6,6,6,9,9,9,9,10,10,10,10,10,10,10,10,9,9,9,9,10,10,10,10,11,11,11,10,10,10,10,15,15,15,15,24,24,24,24,27,27,27,27,28,28,28,28,30,30,30,30,36,36,36,41,41,41,41,51,51,51,51,53,53,53,53,57,57,57,57,63,63,63,63,63,63,63,60,60,60,60,59,59,59,59,61,61,61,61
"78",10,10,10,10,11,11,11,11,-1,-1,-1,-1,0,0,0,0,0,0,0,-1,-1,-1,-1,8,8,8,8,8,8,8,8,9,9,9,9,10,10,10,9,9,9,9,12,12,12,12,22,22,22,22,27,27,27,27,29,29,29,29,32,32,32,32,35,35,35,38,38,38,38,41,41,41,41,47,47,47,47,58,58,58,58,66,66,66,66,67,67,67,64,64,64,64,55,55,55,55,57,57,57,57
"79",10,10,10,10,11,11,11,11,-1,-1,-1,-1,0,0,0,0,0,0,0,-1,-1,-1,-1,8,8,8,8,8,8,8,8,9,9,9,9,10,10,10,9,9,9,9,12,12,12,12,22,22,22,22,27,27,27,27,29,29,29,29,32,32,32,32,35,35,35,38,38,38,38,41,41,41,41,47,47,47,47,58,58,58,58,66,66,66,66,67,67,67,64,64,64,64,55,55,55,55,57,57,57,57
"80",10,10,10,10,11,11,11,11,-1,-1,-1,-1,0,0,0,0,0,0,0,-1,-1,-1,-1,8,8,8,8,8,8,8,8,9,9,9,9,10,10,10,9,9,9,9,12,12,12,12,22,22,22,22,27,27,27,27,29,29,29,29,32,32,32,32,35,35,35,38,38,38,38,41,41,41,41,47,47,47,47,58,58,58,58,66,66,66,66,67,67,67,64,64,64,64,55,55,55,55,57,57,57,57
"81",10,10,10,10,11,11,11,11,-1,-1,-1,-1,0,0,0,0,0,0,0,-1,-1,-1,-1,8,8,8,8,8,8,8,8,9,9,9,9,10,10,10,9,9,9,9,12,12,12,12,22,22,22,22,27,27,27,27,29,29,29,29,32,32,32,32,35,35,35,38,38,38,38,41,41,41,41,47,47,47,47,58,58,58,58,66,66,66,66,67,67,67,64,64,64,64,55,55,55,55,57,57,57,57
"82",10,10,10,10,10,10,10,10,11,11,11,11,13,13,13,0,0,0,0,0,0,0,0,0,0,0,0,0,0,0,0,0,0,0,0,0,0,0,0,0,0,0,-1,-1,-1,-1,-1,-1,-1,-1,12,12,12,12,19,19,19,19,20,20,20,20,25,25,25,33,33,33,33,36,36,36,36,43,43,43,43,58,58,58,58,69,69,69,69,68,68,68,66,66,66,66,52,52,52,52,52,52,52,52
"83",10,10,10,10,10,10,10,10,11,11,11,11,13,13,13,0,0,0,0,0,0,0,0,0,0,0,0,0,0,0,0,0,0,0,0,0,0,0,0,0,0,0,-1,-1,-1,-1,-1,-1,-1,-1,12,12,12,12,19,19,19,19,20,20,20,20,25,25,25,33,33,33,33,36,36,36,36,43,43,43,43,58,58,58,58,69,69,69,69,68,68,68,66,66,66,66,52,52,52,52,52,52,52,52
"84",10,10,10,10,10,10,10,10,11,11,11,11,13,13,13,0,0,0,0,0,0,0,0,0,0,0,0,0,0,0,0,0,0,0,0,0,0,0,0,0,0,0,-1,-1,-1,-1,-1,-1,-1,-1,12,12,12,12,19,19,19,19,20,20,20,20,25,25,25,33,33,33,33,36,36,36,36,43,43,43,43,58,58,58,58,69,69,69,69,68,68,68,66,66,66,66,52,52,52,52,52,52,52,52
"85",10,10,10,10,10,10,10,10,11,11,11,11,13,13,13,0,0,0,0,0,0,0,0,0,0,0,0,0,0,0,0,0,0,0,0,0,0,0,0,0,0,0,-1,-1,-1,-1,-1,-1,-1,-1,12,12,12,12,19,19,19,19,20,20,20,20,25,25,25,33,33,33,33,36,36,36,36,43,43,43,43,58,58,58,58,69,69,69,69,68,68,68,66,66,66,66,52,52,52,52,52,52,52,52
"86",9.06088924407959,9.06088924407959,9.06088924407959,9.06088924407959,9.07679462432861,9.07679462432861,9.07679462432861,9.07679462432861,9.09269905090332,9.09269905090332,9.09269905090332,9.09269905090332,10,10,10,12,12,12,12,10,10,10,10,-1,-1,-1,-1,0,0,0,0,0,0,0,0,0,0,0,0,0,0,0,0,0,0,0,0,0,0,0,7,7,7,7,12,12,12,12,13,13,13,13,15,15,15,21,21,21,21,31,31,31,31,42,42,42,42,52,52,52,52,65,65,65,65,64,64,64,59,59,59,59,46,46,46,46,41,41,41,41
"87",9.06088924407959,9.06088924407959,9.06088924407959,9.06088924407959,9.07679462432861,9.07679462432861,9.07679462432861,9.07679462432861,9.09269905090332,9.09269905090332,9.09269905090332,9.09269905090332,10,10,10,12,12,12,12,10,10,10,10,-1,-1,-1,-1,0,0,0,0,0,0,0,0,0,0,0,0,0,0,0,0,0,0,0,0,0,0,0,7,7,7,7,12,12,12,12,13,13,13,13,15,15,15,21,21,21,21,31,31,31,31,42,42,42,42,52,52,52,52,65,65,65,65,64,64,64,59,59,59,59,46,46,46,46,41,41,41,41
"88",9.06088924407959,9.06088924407959,9.06088924407959,9.06088924407959,9.07679462432861,9.07679462432861,9.07679462432861,9.07679462432861,9.09269905090332,9.09269905090332,9.09269905090332,9.09269905090332,10,10,10,12,12,12,12,10,10,10,10,-1,-1,-1,-1,0,0,0,0,0,0,0,0,0,0,0,0,0,0,0,0,0,0,0,0,0,0,0,7,7,7,7,12,12,12,12,13,13,13,13,15,15,15,21,21,21,21,31,31,31,31,42,42,42,42,52,52,52,52,65,65,65,65,64,64,64,59,59,59,59,46,46,46,46,41,41,41,41
"89",9.07679462432861,9.07679462432861,9.07679462432861,9.07679462432861,9.08338260650635,9.08338260650635,9.08338260650635,9.08338260650635,9.09928703308105,9.09928703308105,9.09928703308105,9.09928703308105,9.11519145965576,9.11519145965576,9.11519145965576,9.13109588623047,9.13109588623047,9.13109588623047,9.13109588623047,14,14,14,14,34,34,34,34,36,36,36,36,21,21,21,21,17,17,17,13,13,13,13,10,10,10,10,9,9,9,9,11,11,11,11,10,10,10,10,9.01590442657471,9.01590442657471,9.01590442657471,9.01590442657471,9.03180885314941,9.03180885314941,9.03180885314941,9.04771423339844,9.04771423339844,9.04771423339844,9.04771423339844,22,22,22,22,35,35,35,35,46,46,46,46,53,53,53,53,52,52,52,42,42,42,42,32,32,32,32,32,32,32,32
"90",9.07679462432861,9.07679462432861,9.07679462432861,9.07679462432861,9.08338260650635,9.08338260650635,9.08338260650635,9.08338260650635,9.09928703308105,9.09928703308105,9.09928703308105,9.09928703308105,9.11519145965576,9.11519145965576,9.11519145965576,9.13109588623047,9.13109588623047,9.13109588623047,9.13109588623047,14,14,14,14,34,34,34,34,36,36,36,36,21,21,21,21,17,17,17,13,13,13,13,10,10,10,10,9,9,9,9,11,11,11,11,10,10,10,10,9.01590442657471,9.01590442657471,9.01590442657471,9.01590442657471,9.03180885314941,9.03180885314941,9.03180885314941,9.04771423339844,9.04771423339844,9.04771423339844,9.04771423339844,22,22,22,22,35,35,35,35,46,46,46,46,53,53,53,53,52,52,52,42,42,42,42,32,32,32,32,32,32,32,32
"91",9.07679462432861,9.07679462432861,9.07679462432861,9.07679462432861,9.08338260650635,9.08338260650635,9.08338260650635,9.08338260650635,9.09928703308105,9.09928703308105,9.09928703308105,9.09928703308105,9.11519145965576,9.11519145965576,9.11519145965576,9.13109588623047,9.13109588623047,9.13109588623047,9.13109588623047,14,14,14,14,34,34,34,34,36,36,36,36,21,21,21,21,17,17,17,13,13,13,13,10,10,10,10,9,9,9,9,11,11,11,11,10,10,10,10,9.01590442657471,9.01590442657471,9.01590442657471,9.01590442657471,9.03180885314941,9.03180885314941,9.03180885314941,9.04771423339844,9.04771423339844,9.04771423339844,9.04771423339844,22,22,22,22,35,35,35,35,46,46,46,46,53,53,53,53,52,52,52,42,42,42,42,32,32,32,32,32,32,32,32
"92",9.07679462432861,9.07679462432861,9.07679462432861,9.07679462432861,9.08338260650635,9.08338260650635,9.08338260650635,9.08338260650635,9.09928703308105,9.09928703308105,9.09928703308105,9.09928703308105,9.11519145965576,9.11519145965576,9.11519145965576,9.13109588623047,9.13109588623047,9.13109588623047,9.13109588623047,14,14,14,14,34,34,34,34,36,36,36,36,21,21,21,21,17,17,17,13,13,13,13,10,10,10,10,9,9,9,9,11,11,11,11,10,10,10,10,9.01590442657471,9.01590442657471,9.01590442657471,9.01590442657471,9.03180885314941,9.03180885314941,9.03180885314941,9.04771423339844,9.04771423339844,9.04771423339844,9.04771423339844,22,22,22,22,35,35,35,35,46,46,46,46,53,53,53,53,52,52,52,42,42,42,42,32,32,32,32,32,32,32,32
"93",10,10,10,10,10,10,10,10,12,12,12,12,10,10,10,9.1376838684082,9.1376838684082,9.1376838684082,9.1376838684082,17,17,17,17,40,40,40,40,45,45,45,45,38,38,38,38,24,24,24,13,13,13,13,9.02249240875244,9.02249240875244,9.02249240875244,9.02249240875244,9.01590442657471,9.01590442657471,9.01590442657471,9.01590442657471,10,10,10,10,10.0159044265747,10.0159044265747,10.0159044265747,10.0159044265747,10.0224924087524,10.0224924087524,10.0224924087524,10.0224924087524,12,12,12,9.05430221557617,9.05430221557617,9.05430221557617,9.05430221557617,16,16,16,16,23,23,23,23,33,33,33,33,40,40,40,40,33,33,33,24,24,24,24,24.015905380249,24.015905380249,24.015905380249,24.015905380249,29,29,29,29
"94",10,10,10,10,10,10,10,10,12,12,12,12,10,10,10,9.1376838684082,9.1376838684082,9.1376838684082,9.1376838684082,17,17,17,17,40,40,40,40,45,45,45,45,38,38,38,38,24,24,24,13,13,13,13,9.02249240875244,9.02249240875244,9.02249240875244,9.02249240875244,9.01590442657471,9.01590442657471,9.01590442657471,9.01590442657471,10,10,10,10,10.0159044265747,10.0159044265747,10.0159044265747,10.0159044265747,10.0224924087524,10.0224924087524,10.0224924087524,10.0224924087524,12,12,12,9.05430221557617,9.05430221557617,9.05430221557617,9.05430221557617,16,16,16,16,23,23,23,23,33,33,33,33,40,40,40,40,33,33,33,24,24,24,24,24.015905380249,24.015905380249,24.015905380249,24.015905380249,29,29,29,29
"95",10,10,10,10,10,10,10,10,12,12,12,12,10,10,10,9.1376838684082,9.1376838684082,9.1376838684082,9.1376838684082,17,17,17,17,40,40,40,40,45,45,45,45,38,38,38,38,24,24,24,13,13,13,13,9.02249240875244,9.02249240875244,9.02249240875244,9.02249240875244,9.01590442657471,9.01590442657471,9.01590442657471,9.01590442657471,10,10,10,10,10.0159044265747,10.0159044265747,10.0159044265747,10.0159044265747,10.0224924087524,10.0224924087524,10.0224924087524,10.0224924087524,12,12,12,9.05430221557617,9.05430221557617,9.05430221557617,9.05430221557617,16,16,16,16,23,23,23,23,33,33,33,33,40,40,40,40,33,33,33,24,24,24,24,24.015905380249,24.015905380249,24.015905380249,24.015905380249,29,29,29,29
"96",10,10,10,10,10,10,10,10,12,12,12,12,10,10,10,9.1376838684082,9.1376838684082,9.1376838684082,9.1376838684082,17,17,17,17,40,40,40,40,45,45,45,45,38,38,38,38,24,24,24,13,13,13,13,9.02249240875244,9.02249240875244,9.02249240875244,9.02249240875244,9.01590442657471,9.01590442657471,9.01590442657471,9.01590442657471,10,10,10,10,10.0159044265747,10.0159044265747,10.0159044265747,10.0159044265747,10.0224924087524,10.0224924087524,10.0224924087524,10.0224924087524,12,12,12,9.05430221557617,9.05430221557617,9.05430221557617,9.05430221557617,16,16,16,16,23,23,23,23,33,33,33,33,40,40,40,40,33,33,33,24,24,24,24,24.015905380249,24.015905380249,24.015905380249,24.015905380249,29,29,29,29
"97",11,11,11,11,10.0159044265747,10.0159044265747,10.0159044265747,10.0159044265747,15,15,15,15,15,15,15,12,12,12,12,17,17,17,17,34,34,34,34,44,44,44,44,46,46,46,46,33,33,33,19,19,19,19,15,15,15,15,12,12,12,12,10,10,10,10,10.0159044265747,10.0159044265747,10.0159044265747,10.0159044265747,10.0318088531494,10.0318088531494,10.0318088531494,10.0318088531494,10.0449848175049,10.0449848175049,10.0449848175049,10,10,10,10,9.07679462432861,9.07679462432861,9.07679462432861,9.07679462432861,13,13,13,13,20,20,20,20,27,27,27,27,18,18,18,26,26,26,26,33,33,33,33,33,33,33,33
"98",11,11,11,11,10.0159044265747,10.0159044265747,10.0159044265747,10.0159044265747,15,15,15,15,15,15,15,12,12,12,12,17,17,17,17,34,34,34,34,44,44,44,44,46,46,46,46,33,33,33,19,19,19,19,15,15,15,15,12,12,12,12,10,10,10,10,10.0159044265747,10.0159044265747,10.0159044265747,10.0159044265747,10.0318088531494,10.0318088531494,10.0318088531494,10.0318088531494,10.0449848175049,10.0449848175049,10.0449848175049,10,10,10,10,9.07679462432861,9.07679462432861,9.07679462432861,9.07679462432861,13,13,13,13,20,20,20,20,27,27,27,27,18,18,18,26,26,26,26,33,33,33,33,33,33,33,33
"99",11,11,11,11,10.0159044265747,10.0159044265747,10.0159044265747,10.0159044265747,15,15,15,15,15,15,15,12,12,12,12,17,17,17,17,34,34,34,34,44,44,44,44,46,46,46,46,33,33,33,19,19,19,19,15,15,15,15,12,12,12,12,10,10,10,10,10.0159044265747,10.0159044265747,10.0159044265747,10.0159044265747,10.0318088531494,10.0318088531494,10.0318088531494,10.0318088531494,10.0449848175049,10.0449848175049,10.0449848175049,10,10,10,10,9.07679462432861,9.07679462432861,9.07679462432861,9.07679462432861,13,13,13,13,20,20,20,20,27,27,27,27,18,18,18,26,26,26,26,33,33,33,33,33,33,33,33
"100",11,11,11,11,10.0159044265747,10.0159044265747,10.0159044265747,10.0159044265747,15,15,15,15,15,15,15,12,12,12,12,17,17,17,17,34,34,34,34,44,44,44,44,46,46,46,46,33,33,33,19,19,19,19,15,15,15,15,12,12,12,12,10,10,10,10,10.0159044265747,10.0159044265747,10.0159044265747,10.0159044265747,10.0318088531494,10.0318088531494,10.0318088531494,10.0318088531494,10.0449848175049,10.0449848175049,10.0449848175049,10,10,10,10,9.07679462432861,9.07679462432861,9.07679462432861,9.07679462432861,13,13,13,13,20,20,20,20,27,27,27,27,18,18,18,26,26,26,26,33,33,33,33,33,33,33,33
